{"name":"6badc97a-238c-4536-9adb-f1866ba1b732","id":"/providers/Microsoft.Flow/flows/6badc97a-238c-4536-9adb-f1866ba1b732","type":"Microsoft.Flow/flows","properties":{"apiId":"/providers/Microsoft.PowerApps/apis/shared_logicflows","displayName":"Copy of - NW Current Events Calendar Update Teams","definition":{"metadata":{"workflowEntityId":null,"processAdvisorMetadata":null,"flowclientsuspensionreason":"None","flowclientsuspensiontime":null,"creator":{"id":"9746b71f-92a6-4ae7-8386-bb756eed471b","type":"User","tenantId":"5cc79b93-555f-44dd-87a6-636845da3cd3"},"provisioningMethod":"FromDefinition","failureAlertSubscription":true,"clientLastModifiedTime":"2022-06-20T20:53:43.1210033Z"},"$schema":"https://schema.management.azure.com/providers/Microsoft.Logic/schemas/2016-06-01/workflowdefinition.json#","contentVersion":"1.0.0.0","parameters":{"$connections":{"defaultValue":{},"type":"Object"},"$authentication":{"defaultValue":{},"type":"SecureObject"}},"triggers":{"When_a_new_email_arrives_(V3)":{"splitOn":"@triggerOutputs()?['body/value']","metadata":{"operationMetadataId":"abe6036a-7568-4f49-b753-85a77fedc7a1"},"type":"OpenApiConnectionNotification","inputs":{"host":{"apiId":"/providers/Microsoft.PowerApps/apis/shared_office365","connectionName":"shared_office365","operationId":"OnNewEmailV3"},"parameters":{"folderPath":"Inbox","from":"notify@teamdynamixapp.com","includeAttachments":true,"subjectFilter":"Automated Report Delivery: NW Events","importance":"Any","fetchOnlyWithAttachment":true},"authentication":"@parameters('$authentication')"}}},"actions":{"Run_script":{"runAfter":{"Apply_to_each_6":["Succeeded"]},"metadata":{"01JYNU3GIIXWL2RFT7FVAJBN5VIMI2JAZG":"/EventEmailTest6-9.xlsx","operationMetadataId":"eec78c2a-996e-4e04-931e-b8d606d6d948","tableId":null},"type":"OpenApiConnection","inputs":{"host":{"apiId":"/providers/Microsoft.PowerApps/apis/shared_excelonlinebusiness","connectionName":"shared_excelonlinebusiness","operationId":"RunScriptProd"},"parameters":{"source":"groups/45926277-7162-44df-aa1d-c93ccd892122","drive":"b!2m4JUnFDa06QUBuB9i7PEI9IUpkZBEJFgJtqXxR0YF4lgIs-L9S6QqC2eRnlJRY7","file":"/-NW Events/Events@{formatDateTime(utcNow(), 'yyyy-MM-dd')}.xlsx","scriptId":"ms-officescript%3A%2F%2Fonedrive_business_itemlink%2F01JYNU3GKTKJGEW6SFTVB2RYPSUCBNXLUF"},"authentication":"@parameters('$authentication')"}},"Apply_to_each":{"foreach":"@outputs('Run_script')?['body/result']","actions":{"Append_to_array_variable":{"runAfter":{},"metadata":{"operationMetadataId":"181702af-d893-4490-bf3d-9ad00f2fd232"},"type":"AppendToArrayVariable","inputs":{"name":"XLidARR","value":"@items('Apply_to_each')?['ID']"}}},"runAfter":{"Initialize_variable":["Succeeded"]},"metadata":{"operationMetadataId":"af19a8bb-b6a4-4b12-a536-39b0acd62e3d"},"type":"Foreach"},"Initialize_variable_2":{"runAfter":{"Run_script":["Succeeded"]},"metadata":{"operationMetadataId":"6b3efe29-5c3c-4189-9589-a168695ba24d"},"type":"InitializeVariable","inputs":{"variables":[{"name":"XLidARR","type":"array"}]}},"Initialize_variable":{"runAfter":{"Initialize_variable_2":["Succeeded"]},"metadata":{"operationMetadataId":"2842f8ee-6105-4347-80dc-8171b8d1174a"},"type":"InitializeVariable","inputs":{"variables":[{"name":"2day","type":"string","value":"'@{slice(utcNow(),0,sub(indexOf(utcNow(),'.'),3))}'"}]}},"Get_events_(V4)":{"runAfter":{"Initialize_variable_18":["Succeeded"]},"metadata":{"operationMetadataId":"c66fec6a-8560-47b5-8c14-7e1e9015fd64"},"type":"OpenApiConnection","inputs":{"host":{"apiId":"/providers/Microsoft.PowerApps/apis/shared_office365","connectionName":"shared_office365","operationId":"V4CalendarGetItems"},"parameters":{"table":"AAMkADRiNjJiYTA2LTcyOTYtNDQ4Ni1iYWVkLTBmYWNiMTAxYmViMABGAAAAAAABU1iTnmWnQayqF3c8K42zBwAuEIbu2qg1S7V_Gb6IjlAbAAAAAAEGAAAuEIbu2qg1S7V_Gb6IjlAbAADs2IgMAAA=","$filter":"Start/DateTime ge @{variables('2day')}"},"authentication":"@parameters('$authentication')"}},"Apply_to_each_3":{"foreach":"@variables('XLidARR')","actions":{"Condition":{"actions":{},"runAfter":{},"else":{"actions":{"Get_a_row":{"runAfter":{},"metadata":{"01JYNU3GIIXWL2RFT7FVAJBN5VIMI2JAZG":"/EventEmailTest6-9.xlsx","operationMetadataId":"7fe85a00-6340-4cde-ac0e-4579c900bae8","tableId":"Export_Table"},"type":"OpenApiConnection","inputs":{"host":{"apiId":"/providers/Microsoft.PowerApps/apis/shared_excelonlinebusiness","connectionName":"shared_excelonlinebusiness","operationId":"GetItem"},"parameters":{"source":"groups/45926277-7162-44df-aa1d-c93ccd892122","drive":"b!2m4JUnFDa06QUBuB9i7PEI9IUpkZBEJFgJtqXxR0YF4lgIs-L9S6QqC2eRnlJRY7","file":"/-NW Events/Events@{formatDateTime(utcNow(), 'yyyy-MM-dd')}.xlsx","table":"Export_Table","idColumn":"ID","id":"@items('Apply_to_each_3')"},"authentication":"@parameters('$authentication')"}},"Create_event_(V4)":{"runAfter":{"Condition_5":["Succeeded"]},"metadata":{"operationMetadataId":"bbad29be-1ee9-4b5c-a964-b6dd5be010b8"},"type":"OpenApiConnection","inputs":{"host":{"apiId":"/providers/Microsoft.PowerApps/apis/shared_office365","connectionName":"shared_office365","operationId":"V4CalendarPostItem"},"parameters":{"table":"AAMkADRiNjJiYTA2LTcyOTYtNDQ4Ni1iYWVkLTBmYWNiMTAxYmViMABGAAAAAAABU1iTnmWnQayqF3c8K42zBwAuEIbu2qg1S7V_Gb6IjlAbAAAAAAEGAAAuEIbu2qg1S7V_Gb6IjlAbAADs2IgMAAA=","item/subject":"@concat(outputs('Get_a_row')?['body/ID'],'---',outputs('Get_a_row')?['body/Title'])","item/start":"@concat(addDays('1899-12-30', variables('DaysStart'), 'yyyy-MM-dd'),'T',variables('HoursStartFin'),':',variables('MinsStartFin'),':','00')","item/end":"@concat(addDays('1899-12-30', variables('DaysEnd'), 'yyyy-MM-dd'),'T',variables('HoursEndFin'),':',variables('MinsEndFin'),':','00')","item/timeZone":"(UTC-06:00) Central Time (US & Canada)","item/body":"<p>@{outputs('Get_a_row')?['body/Requestor']} of @{outputs('Get_a_row')?['body/Acct/Dept']} is requesting that,<br>\n\"@{outputs('Get_a_row')?['body/Description']}\" in @{outputs('Get_a_row')?['body/Location of Event']}.</p>","item/location":"@outputs('Get_a_row')?['body/Location of Event']"},"authentication":"@parameters('$authentication')"}},"Set_variable":{"runAfter":{"Get_a_row":["Succeeded"]},"metadata":{"operationMetadataId":"1e3c131a-499c-4f1f-b57b-21cb106ddbc7"},"type":"SetVariable","inputs":{"name":"DaysStart","value":"@int(first(split(string(outputs('Get_a_row')?['body/Event Start Time']),'.')))"}},"Set_variable_2":{"runAfter":{"Set_variable":["Succeeded"]},"metadata":{"operationMetadataId":"74e9fa86-68b1-4896-8271-cfaa246325f1"},"type":"SetVariable","inputs":{"name":"DaysEnd","value":"@int(first(split(string(outputs('Get_a_row')?['body/Event End Time']),'.')))"}},"Set_variable_3":{"runAfter":{"Set_variable_2":["Succeeded"]},"metadata":{"operationMetadataId":"6f3d6060-8444-4f95-932b-c143c8ec910a"},"type":"SetVariable","inputs":{"name":"TimeStart","value":"@mul(sub(float(outputs('Get_a_row')?['body/Event Start Time']),variables('DaysStart')),24)"}},"Set_variable_4":{"runAfter":{"Set_variable_3":["Succeeded"]},"metadata":{"operationMetadataId":"bf624835-a9a3-4246-90bd-fa2c14c51665"},"type":"SetVariable","inputs":{"name":"TimeEnd","value":"@mul(sub(float(outputs('Get_a_row')?['body/Event End Time']),variables('DaysEnd')),24)"}},"Set_variable_5":{"runAfter":{"Set_variable_4":["Succeeded"]},"metadata":{"operationMetadataId":"bac9c7bc-1a21-4b5a-b1b0-0f8d1353b701"},"type":"SetVariable","inputs":{"name":"HoursStart","value":"@{first(split(string(variables('TimeStart')),'.'))}"}},"Set_variable_6":{"runAfter":{"Set_variable_5":["Succeeded"]},"metadata":{"operationMetadataId":"09bb27f5-16b1-4934-b0cf-ab747bf932a2"},"type":"SetVariable","inputs":{"name":"HoursEnd","value":"@{first(split(string(variables('TimeEnd')),'.'))}"}},"Set_variable_7":{"runAfter":{"Set_variable_6":["Succeeded"]},"metadata":{"operationMetadataId":"9e9fcfaa-6be9-45d3-bcb4-b5b26acf6499"},"type":"SetVariable","inputs":{"name":"MinsStart","value":"@{first(split(string(if(less(sub(variables('TimeStart'),float(variables('HoursStart'))),0.0167),0,mul(sub(variables('TimeStart'),float(variables('HoursStart'))),60))),'.'))}"}},"Set_variable_8":{"runAfter":{"Set_variable_7":["Succeeded"]},"metadata":{"operationMetadataId":"d29310ce-5ca5-46cf-94e1-d0977d5a28a1"},"type":"SetVariable","inputs":{"name":"MinsEnd","value":"@{\r\nfirst(split(string(if(less(sub(variables('TimeEnd'),float(variables('HoursEnd'))),0.0167),0,mul(sub(variables('TimeEnd'),float(variables('HoursEnd'))),60))),'.'))}"}},"Condition_2":{"actions":{"Set_variable_9":{"runAfter":{},"metadata":{"operationMetadataId":"2a8e657e-1e5d-4704-aa0c-218d33dfeb39"},"type":"SetVariable","inputs":{"name":"MinsStartFin","value":"@{concat('0',variables('MinsStart'))}"}}},"runAfter":{"Set_variable_8":["Succeeded"]},"else":{"actions":{"Set_variable_13":{"runAfter":{},"metadata":{"operationMetadataId":"4cb9f20d-7efb-4bae-a3b0-8f16b557ada0"},"type":"SetVariable","inputs":{"name":"MinsStartFin","value":"@variables('MinsStart')"}}}},"expression":{"lessOrEquals":["@int(variables('MinsStart'))",9]},"metadata":{"operationMetadataId":"f9b3f09c-25b1-4081-b1ad-baf841294bfe"},"type":"If"},"Condition_3":{"actions":{"Set_variable_10":{"runAfter":{},"metadata":{"operationMetadataId":"a15608a1-bd03-41cd-8ed1-ba3883babbe4"},"type":"SetVariable","inputs":{"name":"MinsEndFin","value":"@{concat('0',variables('MinsEnd'))}"}}},"runAfter":{"Condition_2":["Succeeded"]},"else":{"actions":{"Set_variable_14":{"runAfter":{},"metadata":{"operationMetadataId":"01757065-2508-48b1-9b19-9a125660a666"},"type":"SetVariable","inputs":{"name":"MinsEndFin","value":"@variables('MinsEnd')"}}}},"expression":{"lessOrEquals":["@int(variables('MinsEnd'))",9]},"metadata":{"operationMetadataId":"273bc6a8-ee46-4a03-a927-4cd9d2a6e8f2"},"type":"If"},"Condition_4":{"actions":{"Set_variable_11":{"runAfter":{},"metadata":{"operationMetadataId":"27a32289-1c9d-4de8-9d72-c738b324545e"},"type":"SetVariable","inputs":{"name":"HoursStartFin","value":"@{concat('0',variables('HoursStart'))}"}}},"runAfter":{"Condition_3":["Succeeded"]},"else":{"actions":{"Set_variable_15":{"runAfter":{},"metadata":{"operationMetadataId":"533ef73d-275d-4b15-ae36-c8d8a3732201"},"type":"SetVariable","inputs":{"name":"HoursStartFin","value":"@variables('HoursStart')"}}}},"expression":{"lessOrEquals":["@int(variables('HoursStart'))",9]},"metadata":{"operationMetadataId":"b20ef7ec-0be6-4bc9-a346-17d42bad9fd7"},"type":"If"},"Condition_5":{"actions":{"Set_variable_12":{"runAfter":{},"metadata":{"operationMetadataId":"1a07b61b-151f-4ce1-b92d-40fb184ed804"},"type":"SetVariable","inputs":{"name":"HoursEndFin","value":"@{concat('0',variables('HoursEnd'))}"}}},"runAfter":{"Condition_4":["Succeeded"]},"else":{"actions":{"Set_variable_16":{"runAfter":{},"metadata":{"operationMetadataId":"5861d424-933c-4f89-9832-431fbdb2deb8"},"type":"SetVariable","inputs":{"name":"HoursEndFin","value":"@variables('HoursEnd')"}}}},"expression":{"lessOrEquals":["@int(variables('HoursEnd'))",9]},"metadata":{"operationMetadataId":"1e4a4ab7-7448-4757-a035-4beb1bc979e3"},"type":"If"}}},"expression":{"contains":["@variables('CalArrFin')","@items('Apply_to_each_3')"]},"metadata":{"operationMetadataId":"5b9877f2-e86f-4d54-a7d0-01ae731d1488"},"type":"If"}},"runAfter":{"Initialize_variable_17":["Succeeded"]},"metadata":{"operationMetadataId":"4ce5d988-0af2-46e6-aaa7-703769e9eece"},"type":"Foreach","runtimeConfiguration":{"concurrency":{"repetitions":1}}},"Initialize_variable_4":{"runAfter":{"Apply_to_each_4":["Succeeded"]},"metadata":{"operationMetadataId":"1468a43e-dfb5-4c3f-a453-c0cb42353680"},"type":"InitializeVariable","inputs":{"variables":[{"name":"DaysStart","type":"integer"}]}},"Initialize_variable_5":{"runAfter":{"Initialize_variable_4":["Succeeded"]},"metadata":{"operationMetadataId":"e4ad98c9-2aa3-480c-bdbb-b6026976dd68"},"type":"InitializeVariable","inputs":{"variables":[{"name":"DaysEnd","type":"integer"}]}},"Initialize_variable_6":{"runAfter":{"Initialize_variable_5":["Succeeded"]},"metadata":{"operationMetadataId":"65dfb9f2-c733-46ab-80fd-0d3ffe59428d"},"type":"InitializeVariable","inputs":{"variables":[{"name":"TimeStart","type":"float"}]}},"Initialize_variable_7":{"runAfter":{"Initialize_variable_6":["Succeeded"]},"metadata":{"operationMetadataId":"03d5cb04-25dc-48a5-be63-8c317d6ad967"},"type":"InitializeVariable","inputs":{"variables":[{"name":"TimeEnd","type":"float"}]}},"Initialize_variable_8":{"runAfter":{"Initialize_variable_7":["Succeeded"]},"metadata":{"operationMetadataId":"13beaf37-691e-401e-bd66-72c64cdd1bb6"},"type":"InitializeVariable","inputs":{"variables":[{"name":"DateStart","type":"string"}]}},"Initialize_variable_9":{"runAfter":{"Initialize_variable_8":["Succeeded"]},"metadata":{"operationMetadataId":"ad80f077-8417-4fa0-a435-88d922efa2a2"},"type":"InitializeVariable","inputs":{"variables":[{"name":"DateEnd","type":"string"}]}},"Initialize_variable_10":{"runAfter":{"Initialize_variable_9":["Succeeded"]},"metadata":{"operationMetadataId":"e7b8a8d5-7b6c-4ef4-a685-406a0684c51e"},"type":"InitializeVariable","inputs":{"variables":[{"name":"HoursStart","type":"string"}]}},"Initialize_variable_11":{"runAfter":{"Initialize_variable_10":["Succeeded"]},"metadata":{"operationMetadataId":"d7ae7351-3d48-4401-9297-afba1e7d364b"},"type":"InitializeVariable","inputs":{"variables":[{"name":"HoursEnd","type":"string"}]}},"Initialize_variable_12":{"runAfter":{"Initialize_variable_11":["Succeeded"]},"metadata":{"operationMetadataId":"92068613-fd52-4320-b703-2e7b16fa648c"},"type":"InitializeVariable","inputs":{"variables":[{"name":"MinsStart","type":"string"}]}},"Initialize_variable_13":{"runAfter":{"Initialize_variable_12":["Succeeded"]},"metadata":{"operationMetadataId":"b6c08f9a-c9aa-4438-bbfa-345c5cc61e26"},"type":"InitializeVariable","inputs":{"variables":[{"name":"MinsEnd","type":"string"}]}},"Initialize_variable_14":{"runAfter":{"Initialize_variable_13":["Succeeded"]},"metadata":{"operationMetadataId":"1b97d616-f3ac-4c23-a224-bbc2b8a7aa48"},"type":"InitializeVariable","inputs":{"variables":[{"name":"MinsStartFin","type":"string"}]}},"Initialize_variable_15":{"runAfter":{"Initialize_variable_14":["Succeeded"]},"metadata":{"operationMetadataId":"0d9c3b2e-f754-464f-a898-caf00dc5b9c3"},"type":"InitializeVariable","inputs":{"variables":[{"name":"MinsEndFin","type":"string"}]}},"Initialize_variable_16":{"runAfter":{"Initialize_variable_15":["Succeeded"]},"metadata":{"operationMetadataId":"0550a218-441a-468b-ba9b-382e58da2bbb"},"type":"InitializeVariable","inputs":{"variables":[{"name":"HoursEndFin","type":"string"}]}},"Initialize_variable_17":{"runAfter":{"Initialize_variable_16":["Succeeded"]},"metadata":{"operationMetadataId":"29f6278e-ba77-4bc9-a850-c80fa4b6c4dd"},"type":"InitializeVariable","inputs":{"variables":[{"name":"HoursStartFin","type":"string"}]}},"Initialize_variable_18":{"runAfter":{"Apply_to_each":["Succeeded"]},"metadata":{"operationMetadataId":"3b3ecfe5-c0aa-4f70-809b-33973042581b"},"type":"InitializeVariable","inputs":{"variables":[{"name":"calARR","type":"array"}]}},"Apply_to_each_2":{"foreach":"@outputs('Get_events_(V4)')?['body/value']","actions":{"Append_to_array_variable_2":{"runAfter":{},"metadata":{"operationMetadataId":"9d57d409-24b6-49cf-aefd-79d60b3caba9"},"type":"AppendToArrayVariable","inputs":{"name":"calARR","value":"@items('Apply_to_each_2')?['subject']"}}},"runAfter":{"Get_events_(V4)":["Succeeded"]},"metadata":{"operationMetadataId":"177d1998-9967-48b4-ab91-21c0f6bae4db"},"type":"Foreach"},"Apply_to_each_4":{"foreach":"@variables('calARR')","actions":{"Append_to_array_variable_3":{"runAfter":{},"metadata":{"operationMetadataId":"1de42582-d19a-4a66-a9a4-b3298a46677a"},"type":"AppendToArrayVariable","inputs":{"name":"CalArrFin","value":"@first(split(items('Apply_to_each_4'),'---'))"}}},"runAfter":{"Initialize_variable_3":["Succeeded"]},"metadata":{"operationMetadataId":"a23aa79f-f831-4a27-9a09-951894228f21"},"type":"Foreach"},"Initialize_variable_3":{"runAfter":{"Apply_to_each_2":["Succeeded"]},"metadata":{"operationMetadataId":"df29a60b-9d77-4c1c-9bb4-a57688052805"},"type":"InitializeVariable","inputs":{"variables":[{"name":"CalArrFin","type":"array"}]}},"Apply_to_each_6":{"foreach":"@triggerOutputs()?['body/attachments']","actions":{"Create_file_2":{"runAfter":{},"metadata":{"operationMetadataId":"0e919d42-78b7-4a9f-a262-0a7cf80a9b57"},"type":"OpenApiConnection","inputs":{"host":{"apiId":"/providers/Microsoft.PowerApps/apis/shared_sharepointonline","connectionName":"shared_sharepointonline","operationId":"CreateFile"},"parameters":{"dataset":"https://tarrantcountycoll864.sharepoint.com/sites/NorthwestCSS","folderPath":"/Shared Documents/-NW Events","name":"Events@{formatDateTime(utcNow(), 'yyyy-MM-dd')}.xlsx","body":"@items('Apply_to_each_6')?['contentBytes']"},"authentication":"@parameters('$authentication')"},"runtimeConfiguration":{"contentTransfer":{"transferMode":"Chunked"}}}},"runAfter":{},"metadata":{"operationMetadataId":"bc8099e9-2304-41fe-8422-e51ddd9037b7"},"type":"Foreach"}},"description":"werqqtwarqrw43trq3w4rq3t4w3tw34t4q34tw4t343qw4rfq3t4r3qtt"},"connectionReferences":{"shared_excelonlinebusiness":{"connectionName":"shared-excelonlinebu-128b3b0c-0245-462b-905a-e7f6c3a1c489","source":"Embedded","id":"/providers/Microsoft.PowerApps/apis/shared_excelonlinebusiness","tier":"NotSpecified"},"shared_office365":{"connectionName":"shared-office365-a352d1e0-5873-442a-b9f4-e4ce03d1ee14","source":"Embedded","id":"/providers/Microsoft.PowerApps/apis/shared_office365","tier":"NotSpecified"},"shared_sharepointonline":{"connectionName":"shared-sharepointonl-31ffb934-22a4-42e6-8e08-66ba732fe1a9","source":"Embedded","id":"/providers/Microsoft.PowerApps/apis/shared_sharepointonline","tier":"NotSpecified"}},"flowFailureAlertSubscribed":false,"isManaged":false}}